{
    "transform": [
        [
            0.9997670650482178,
            -0.02150493860244751,
            -0.0018455467652529478,
            0.009127208963036537
        ],
        [
            -0.0018455467652529478,
            -0.1703646183013916,
            0.9853793382644653,
            0.0037240395322442055
        ],
        [
            -0.02150493860244751,
            -0.9851464033126831,
            -0.1703646183013916,
            0.011213593184947968
        ]
    ],
    "scale": 0.19270963464552313
}