{
    "camera": {
        "c2w_matrix": [
            [
                0.99976320427134,
                0.0027569771827335877,
                -0.021585515095008844,
                0.050850783367975404
            ],
            [
                -0.02176086820655298,
                0.12666426339931988,
                -0.991706926966029,
                -0.8465813455302656
            ],
            [
                1.0408340855860843e-17,
                0.9919418145507939,
                0.126694264059895,
                -0.17832037488472252
            ]
        ],
        "render_resolution": 2064,
        "fov_radians": 1.3089969389957472
    }
}