{
    "camera": {
        "c2w_matrix": [
            [
                -0.5999984850286221,
                -0.01151627968850416,
                -0.7999182416131632,
                -0.34050595836744957
            ],
            [
                -0.8000011362262924,
                0.00863717569060285,
                0.5999363143140538,
                0.12967913995720848
            ],
            [
                1.1102230246251565e-16,
                0.9998963818807557,
                -0.01439532916519104,
                -0.003629604856257216
            ]
        ],
        "render_resolution": 2064,
        "fov_radians": 0.260403124397554
    }
}