{
    "camera": {
        "c2w_matrix": [
            [
                0.9199384348429406,
                0.008418264664098535,
                0.3919724593881132,
                0.2955509446573296
            ],
            [
                0.3920628471287746,
                -0.01975266280877843,
                -0.9197263485478939,
                -0.7105150566331144
            ],
            [
                -1.3877787807814457e-16,
                0.999769455990734,
                -0.02147172252037803,
                0.05137484160360006
            ]
        ],
        "render_resolution": 2064,
        "fov_radians": 1.3089969389957472
    }
}