{
    "camera": {
        "c2w_matrix": [
            [
                0.8125588942196666,
                -0.061621715816119915,
                0.5796126357873765,
                0.4365615431186658
            ],
            [
                0.582879098462548,
                0.0859033603976143,
                -0.808005302735004,
                -0.5060846801333602
            ],
            [
                0.0,
                0.9943959859192291,
                0.10571954969505423,
                0.02571079268462435
            ]
        ],
        "render_resolution": 2720,
        "fov_radians": 1.3089969389957472
    }
}
