{
    "transform": [
        [
            0.9986931681632996,
            -0.050641272217035294,
            -0.006883613765239716,
            0.05616044998168945
        ],
        [
            -0.006883613765239716,
            -0.2667515277862549,
            0.9637407660484314,
            -0.15084409713745117
        ],
        [
            -0.050641272217035294,
            -0.962433934211731,
            -0.2667515277862549,
            0.03050345554947853
        ]
    ],
    "scale": 0.1710611597611745
}